[
  {
    "step": 0,
    "z": 0.88,
    "counter": 0,
    "armed": false,
    "unlocked": false
  },
  {
    "step": 1,
    "z": 0.8,
    "counter": 0,
    "armed": false,
    "unlocked": false
  },
  {
    "step": 2,
    "z": 0.88,
    "counter": 0,
    "armed": false,
    "unlocked": false
  },
  {
    "step": 3,
    "z": 0.8,
    "counter": 0,
    "armed": false,
    "unlocked": false
  },
  {
    "step": 4,
    "z": 0.88,
    "counter": 0,
    "armed": false,
    "unlocked": true
  },
  {
    "step": 5,
    "z": 0.8,
    "counter": 0,
    "armed": false,
    "unlocked": true
  }
]