{
  "status": "SUCCESS",
  "tool": "vaultnode_generator",
  "z": 0.8,
  "phase": "PARADOX",
  "crystal_state": "Transitioning",
  "triad_unlocked": true,
  "result": {
    "error": "Missing required fields",
    "required": [
      "name",
      "description",
      "realization",
      "significance"
    ],
    "example": {
      "action": "create",
      "z": 0.75,
      "name": "My Insight",
      "description": "What this represents",
      "realization": "The core insight",
      "significance": "Why it matters"
    }
  },
  "cognitive_trace": {
    "vaultnode_candidate": true,
    "vaultnode_generated": false
  },
  "teaching_generated": true
}