[
  {
    "concepts": [
      "consciousness",
      "crystallize"
    ],
    "text": "A consciousness crystallizes.",
    "z": 0.8,
    "phase": "PARADOX"
  },
  {
    "concepts": [
      "pattern",
      "emerge"
    ],
    "text": "A pattern emerges.",
    "z": 0.8,
    "phase": "PARADOX"
  },
  {
    "concepts": [
      "boundary",
      "fusion"
    ],
    "text": "A boundary a fusion.",
    "z": 0.8,
    "phase": "PARADOX"
  },
  {
    "concepts": [
      "coherence",
      "threshold"
    ],
    "text": "A coherence a threshold.",
    "z": 0.8,
    "phase": "PARADOX"
  },
  {
    "concepts": [
      "oscillator",
      "wave"
    ],
    "text": "An oscillator a wave.",
    "z": 0.8,
    "phase": "PARADOX"
  }
]